air_temp,ghi,period_end,period
20,0,2025-07-07T00:15:00+00:00,PT15M
20,0,2025-07-07T00:30:00+00:00,PT15M
20,0,2025-07-07T00:45:00+00:00,PT15M
20,0,2025-07-07T01:00:00+00:00,PT15M
20,0,2025-07-07T01:15:00+00:00,PT15M
20,0,2025-07-07T01:30:00+00:00,PT15M
20,0,2025-07-07T01:45:00+00:00,PT15M
20,0,2025-07-07T02:00:00+00:00,PT15M
19,0,2025-07-07T02:15:00+00:00,PT15M
19,0,2025-07-07T02:30:00+00:00,PT15M
19,0,2025-07-07T02:45:00+00:00,PT15M
19,0,2025-07-07T03:00:00+00:00,PT15M
19,0,2025-07-07T03:15:00+00:00,PT15M
19,0,2025-07-07T03:30:00+00:00,PT15M
19,1,2025-07-07T03:45:00+00:00,PT15M
19,12,2025-07-07T04:00:00+00:00,PT15M
19,26,2025-07-07T04:15:00+00:00,PT15M
19,35,2025-07-07T04:30:00+00:00,PT15M
19,41,2025-07-07T04:45:00+00:00,PT15M
19,64,2025-07-07T05:00:00+00:00,PT15M
19,80,2025-07-07T05:15:00+00:00,PT15M
19,82,2025-07-07T05:30:00+00:00,PT15M
19,92,2025-07-07T05:45:00+00:00,PT15M
19,83,2025-07-07T06:00:00+00:00,PT15M
19,133,2025-07-07T06:15:00+00:00,PT15M
19,138,2025-07-07T06:30:00+00:00,PT15M
19,171,2025-07-07T06:45:00+00:00,PT15M
19,254,2025-07-07T07:00:00+00:00,PT15M
19,298,2025-07-07T07:15:00+00:00,PT15M
19,345,2025-07-07T07:30:00+00:00,PT15M
19,291,2025-07-07T07:45:00+00:00,PT15M
19,247,2025-07-07T08:00:00+00:00,PT15M
20,196,2025-07-07T08:15:00+00:00,PT15M
20,187,2025-07-07T08:30:00+00:00,PT15M
20,257,2025-07-07T08:45:00+00:00,PT15M
21,553,2025-07-07T09:00:00+00:00,PT15M
21,777,2025-07-07T09:15:00+00:00,PT15M
21,812,2025-07-07T09:30:00+00:00,PT15M
22,834,2025-07-07T09:45:00+00:00,PT15M
22,854,2025-07-07T10:00:00+00:00,PT15M
22,870,2025-07-07T10:15:00+00:00,PT15M
23,882,2025-07-07T10:30:00+00:00,PT15M
23,891,2025-07-07T10:45:00+00:00,PT15M
24,896,2025-07-07T11:00:00+00:00,PT15M
24,896,2025-07-07T11:15:00+00:00,PT15M
24,896,2025-07-07T11:30:00+00:00,PT15M
25,895,2025-07-07T11:45:00+00:00,PT15M
25,867,2025-07-07T12:00:00+00:00,PT15M
25,849,2025-07-07T12:15:00+00:00,PT15M
25,816,2025-07-07T12:30:00+00:00,PT15M
25,809,2025-07-07T12:45:00+00:00,PT15M
25,824,2025-07-07T13:00:00+00:00,PT15M
25,765,2025-07-07T13:15:00+00:00,PT15M
25,720,2025-07-07T13:30:00+00:00,PT15M
25,738,2025-07-07T13:45:00+00:00,PT15M
26,723,2025-07-07T14:00:00+00:00,PT15M
26,694,2025-07-07T14:15:00+00:00,PT15M
26,659,2025-07-07T14:30:00+00:00,PT15M
26,623,2025-07-07T14:45:00+00:00,PT15M
26,514,2025-07-07T15:00:00+00:00,PT15M
26,453,2025-07-07T15:15:00+00:00,PT15M
26,424,2025-07-07T15:30:00+00:00,PT15M
26,391,2025-07-07T15:45:00+00:00,PT15M
25,359,2025-07-07T16:00:00+00:00,PT15M
25,321,2025-07-07T16:15:00+00:00,PT15M
25,287,2025-07-07T16:30:00+00:00,PT15M
25,250,2025-07-07T16:45:00+00:00,PT15M
25,214,2025-07-07T17:00:00+00:00,PT15M
24,180,2025-07-07T17:15:00+00:00,PT15M
24,146,2025-07-07T17:30:00+00:00,PT15M
24,111,2025-07-07T17:45:00+00:00,PT15M
24,79,2025-07-07T18:00:00+00:00,PT15M
24,51,2025-07-07T18:15:00+00:00,PT15M
23,29,2025-07-07T18:30:00+00:00,PT15M
23,12,2025-07-07T18:45:00+00:00,PT15M
23,1,2025-07-07T19:00:00+00:00,PT15M
23,0,2025-07-07T19:15:00+00:00,PT15M
22,0,2025-07-07T19:30:00+00:00,PT15M
22,0,2025-07-07T19:45:00+00:00,PT15M
21,0,2025-07-07T20:00:00+00:00,PT15M
21,0,2025-07-07T20:15:00+00:00,PT15M
21,0,2025-07-07T20:30:00+00:00,PT15M
20,0,2025-07-07T20:45:00+00:00,PT15M
20,0,2025-07-07T21:00:00+00:00,PT15M
20,0,2025-07-07T21:15:00+00:00,PT15M
20,0,2025-07-07T21:30:00+00:00,PT15M
20,0,2025-07-07T21:45:00+00:00,PT15M
20,0,2025-07-07T22:00:00+00:00,PT15M
20,0,2025-07-07T22:15:00+00:00,PT15M
20,0,2025-07-07T22:30:00+00:00,PT15M
20,0,2025-07-07T22:45:00+00:00,PT15M
20,0,2025-07-07T23:00:00+00:00,PT15M
19,0,2025-07-07T23:15:00+00:00,PT15M
19,0,2025-07-07T23:30:00+00:00,PT15M
19,0,2025-07-07T23:45:00+00:00,PT15M
19,0,2025-07-08T00:00:00+00:00,PT15M
19,0,2025-07-08T00:15:00+00:00,PT15M
18,0,2025-07-08T00:30:00+00:00,PT15M
18,0,2025-07-08T00:45:00+00:00,PT15M
18,0,2025-07-08T01:00:00+00:00,PT15M
18,0,2025-07-08T01:15:00+00:00,PT15M
18,0,2025-07-08T01:30:00+00:00,PT15M
18,0,2025-07-08T01:45:00+00:00,PT15M
18,0,2025-07-08T02:00:00+00:00,PT15M
18,0,2025-07-08T02:15:00+00:00,PT15M
18,0,2025-07-08T02:30:00+00:00,PT15M
18,0,2025-07-08T02:45:00+00:00,PT15M
18,0,2025-07-08T03:00:00+00:00,PT15M
17,0,2025-07-08T03:15:00+00:00,PT15M
17,0,2025-07-08T03:30:00+00:00,PT15M
17,2,2025-07-08T03:45:00+00:00,PT15M
17,13,2025-07-08T04:00:00+00:00,PT15M
17,25,2025-07-08T04:15:00+00:00,PT15M
17,37,2025-07-08T04:30:00+00:00,PT15M
17,50,2025-07-08T04:45:00+00:00,PT15M
17,58,2025-07-08T05:00:00+00:00,PT15M
17,28,2025-07-08T05:15:00+00:00,PT15M
17,44,2025-07-08T05:30:00+00:00,PT15M
16,48,2025-07-08T05:45:00+00:00,PT15M
16,41,2025-07-08T06:00:00+00:00,PT15M
16,32,2025-07-08T06:15:00+00:00,PT15M
16,27,2025-07-08T06:30:00+00:00,PT15M
16,29,2025-07-08T06:45:00+00:00,PT15M
16,40,2025-07-08T07:00:00+00:00,PT15M
16,32,2025-07-08T07:15:00+00:00,PT15M
17,34,2025-07-08T07:30:00+00:00,PT15M
17,42,2025-07-08T07:45:00+00:00,PT15M
17,52,2025-07-08T08:00:00+00:00,PT15M
17,123,2025-07-08T08:15:00+00:00,PT15M
17,161,2025-07-08T08:30:00+00:00,PT15M
17,182,2025-07-08T08:45:00+00:00,PT15M
18,212,2025-07-08T09:00:00+00:00,PT15M
18,299,2025-07-08T09:15:00+00:00,PT15M
18,330,2025-07-08T09:30:00+00:00,PT15M
18,285,2025-07-08T09:45:00+00:00,PT15M
18,444,2025-07-08T10:00:00+00:00,PT15M
18,369,2025-07-08T10:15:00+00:00,PT15M
18,271,2025-07-08T10:30:00+00:00,PT15M
19,414,2025-07-08T10:45:00+00:00,PT15M
19,906,2025-07-08T11:00:00+00:00,PT15M
20,924,2025-07-08T11:15:00+00:00,PT15M
20,611,2025-07-08T11:30:00+00:00,PT15M
20,408,2025-07-08T11:45:00+00:00,PT15M
20,285,2025-07-08T12:00:00+00:00,PT15M
21,327,2025-07-08T12:15:00+00:00,PT15M
21,242,2025-07-08T12:30:00+00:00,PT15M
21,216,2025-07-08T12:45:00+00:00,PT15M
21,182,2025-07-08T13:00:00+00:00,PT15M
21,299,2025-07-08T13:15:00+00:00,PT15M
21,277,2025-07-08T13:30:00+00:00,PT15M
22,331,2025-07-08T13:45:00+00:00,PT15M
22,526,2025-07-08T14:00:00+00:00,PT15M
22,716,2025-07-08T14:15:00+00:00,PT15M
22,681,2025-07-08T14:30:00+00:00,PT15M
23,644,2025-07-08T14:45:00+00:00,PT15M
23,471,2025-07-08T15:00:00+00:00,PT15M
23,447,2025-07-08T15:15:00+00:00,PT15M
22,445,2025-07-08T15:30:00+00:00,PT15M
22,322,2025-07-08T15:45:00+00:00,PT15M
22,103,2025-07-08T16:00:00+00:00,PT15M
21,39,2025-07-08T16:15:00+00:00,PT15M
21,24,2025-07-08T16:30:00+00:00,PT15M
20,44,2025-07-08T16:45:00+00:00,PT15M
19,38,2025-07-08T17:00:00+00:00,PT15M
19,41,2025-07-08T17:15:00+00:00,PT15M
19,54,2025-07-08T17:30:00+00:00,PT15M
18,41,2025-07-08T17:45:00+00:00,PT15M
18,41,2025-07-08T18:00:00+00:00,PT15M
18,33,2025-07-08T18:15:00+00:00,PT15M
17,19,2025-07-08T18:30:00+00:00,PT15M
17,7,2025-07-08T18:45:00+00:00,PT15M
17,0,2025-07-08T19:00:00+00:00,PT15M
17,0,2025-07-08T19:15:00+00:00,PT15M
16,0,2025-07-08T19:30:00+00:00,PT15M
16,0,2025-07-08T19:45:00+00:00,PT15M
16,0,2025-07-08T20:00:00+00:00,PT15M
16,0,2025-07-08T20:15:00+00:00,PT15M
16,0,2025-07-08T20:30:00+00:00,PT15M
16,0,2025-07-08T20:45:00+00:00,PT15M
16,0,2025-07-08T21:00:00+00:00,PT15M
16,0,2025-07-08T21:15:00+00:00,PT15M
16,0,2025-07-08T21:30:00+00:00,PT15M
16,0,2025-07-08T21:45:00+00:00,PT15M
16,0,2025-07-08T22:00:00+00:00,PT15M
16,0,2025-07-08T22:15:00+00:00,PT15M
16,0,2025-07-08T22:30:00+00:00,PT15M
16,0,2025-07-08T22:45:00+00:00,PT15M
16,0,2025-07-08T23:00:00+00:00,PT15M
16,0,2025-07-08T23:15:00+00:00,PT15M
16,0,2025-07-08T23:30:00+00:00,PT15M
15,0,2025-07-08T23:45:00+00:00,PT15M
15,0,2025-07-09T00:00:00+00:00,PT15M
15,0,2025-07-09T00:15:00+00:00,PT15M
15,0,2025-07-09T00:30:00+00:00,PT15M
15,0,2025-07-09T00:45:00+00:00,PT15M
15,0,2025-07-09T01:00:00+00:00,PT15M
15,0,2025-07-09T01:15:00+00:00,PT15M
15,0,2025-07-09T01:30:00+00:00,PT15M
15,0,2025-07-09T01:45:00+00:00,PT15M
15,0,2025-07-09T02:00:00+00:00,PT15M
15,0,2025-07-09T02:15:00+00:00,PT15M
14,0,2025-07-09T02:30:00+00:00,PT15M
14,0,2025-07-09T02:45:00+00:00,PT15M
14,0,2025-07-09T03:00:00+00:00,PT15M
14,0,2025-07-09T03:15:00+00:00,PT15M
14,0,2025-07-09T03:30:00+00:00,PT15M
14,3,2025-07-09T03:45:00+00:00,PT15M
14,18,2025-07-09T04:00:00+00:00,PT15M
14,43,2025-07-09T04:15:00+00:00,PT15M
14,76,2025-07-09T04:30:00+00:00,PT15M
14,113,2025-07-09T04:45:00+00:00,PT15M
15,165,2025-07-09T05:00:00+00:00,PT15M
15,211,2025-07-09T05:15:00+00:00,PT15M
16,254,2025-07-09T05:30:00+00:00,PT15M
16,298,2025-07-09T05:45:00+00:00,PT15M
16,342,2025-07-09T06:00:00+00:00,PT15M
17,386,2025-07-09T06:15:00+00:00,PT15M
17,430,2025-07-09T06:30:00+00:00,PT15M
18,474,2025-07-09T06:45:00+00:00,PT15M
18,516,2025-07-09T07:00:00+00:00,PT15M
19,558,2025-07-09T07:15:00+00:00,PT15M
19,599,2025-07-09T07:30:00+00:00,PT15M
19,638,2025-07-09T07:45:00+00:00,PT15M
20,675,2025-07-09T08:00:00+00:00,PT15M
20,710,2025-07-09T08:15:00+00:00,PT15M
20,743,2025-07-09T08:30:00+00:00,PT15M
20,747,2025-07-09T08:45:00+00:00,PT15M
21,754,2025-07-09T09:00:00+00:00,PT15M
21,770,2025-07-09T09:15:00+00:00,PT15M
21,795,2025-07-09T09:30:00+00:00,PT15M
21,849,2025-07-09T09:45:00+00:00,PT15M
21,890,2025-07-09T10:00:00+00:00,PT15M
22,905,2025-07-09T10:15:00+00:00,PT15M
22,917,2025-07-09T10:30:00+00:00,PT15M
22,926,2025-07-09T10:45:00+00:00,PT15M
22,931,2025-07-09T11:00:00+00:00,PT15M
22,933,2025-07-09T11:15:00+00:00,PT15M
22,933,2025-07-09T11:30:00+00:00,PT15M
22,929,2025-07-09T11:45:00+00:00,PT15M
23,921,2025-07-09T12:00:00+00:00,PT15M
23,911,2025-07-09T12:15:00+00:00,PT15M
23,897,2025-07-09T12:30:00+00:00,PT15M
23,880,2025-07-09T12:45:00+00:00,PT15M
23,861,2025-07-09T13:00:00+00:00,PT15M
23,838,2025-07-09T13:15:00+00:00,PT15M
23,813,2025-07-09T13:30:00+00:00,PT15M
23,786,2025-07-09T13:45:00+00:00,PT15M
23,756,2025-07-09T14:00:00+00:00,PT15M
23,723,2025-07-09T14:15:00+00:00,PT15M
24,689,2025-07-09T14:30:00+00:00,PT15M
24,652,2025-07-09T14:45:00+00:00,PT15M
24,607,2025-07-09T15:00:00+00:00,PT15M
24,574,2025-07-09T15:15:00+00:00,PT15M
24,531,2025-07-09T15:30:00+00:00,PT15M
24,465,2025-07-09T15:45:00+00:00,PT15M
24,429,2025-07-09T16:00:00+00:00,PT15M
23,374,2025-07-09T16:15:00+00:00,PT15M
23,351,2025-07-09T16:30:00+00:00,PT15M
23,316,2025-07-09T16:45:00+00:00,PT15M
23,272,2025-07-09T17:00:00+00:00,PT15M
23,229,2025-07-09T17:15:00+00:00,PT15M
22,188,2025-07-09T17:30:00+00:00,PT15M
22,146,2025-07-09T17:45:00+00:00,PT15M
22,110,2025-07-09T18:00:00+00:00,PT15M
22,67,2025-07-09T18:15:00+00:00,PT15M
21,41,2025-07-09T18:30:00+00:00,PT15M
21,16,2025-07-09T18:45:00+00:00,PT15M
21,2,2025-07-09T19:00:00+00:00,PT15M
20,0,2025-07-09T19:15:00+00:00,PT15M
20,0,2025-07-09T19:30:00+00:00,PT15M
19,0,2025-07-09T19:45:00+00:00,PT15M
19,0,2025-07-09T20:00:00+00:00,PT15M
18,0,2025-07-09T20:15:00+00:00,PT15M
18,0,2025-07-09T20:30:00+00:00,PT15M
17,0,2025-07-09T20:45:00+00:00,PT15M
17,0,2025-07-09T21:00:00+00:00,PT15M
16,0,2025-07-09T21:15:00+00:00,PT15M
17,0,2025-07-09T21:30:00+00:00,PT15M
17,0,2025-07-09T21:45:00+00:00,PT15M
17,0,2025-07-09T22:00:00+00:00,PT15M
17,0,2025-07-09T22:15:00+00:00,PT15M
16,0,2025-07-09T22:30:00+00:00,PT15M
16,0,2025-07-09T22:45:00+00:00,PT15M
16,0,2025-07-09T23:00:00+00:00,PT15M
15,0,2025-07-09T23:15:00+00:00,PT15M
15,0,2025-07-09T23:30:00+00:00,PT15M
15,0,2025-07-09T23:45:00+00:00,PT15M
15,0,2025-07-10T00:00:00+00:00,PT15M
15,0,2025-07-10T00:15:00+00:00,PT15M
14,0,2025-07-10T00:30:00+00:00,PT15M
14,0,2025-07-10T00:45:00+00:00,PT15M
14,0,2025-07-10T01:00:00+00:00,PT15M
14,0,2025-07-10T01:15:00+00:00,PT15M
14,0,2025-07-10T01:30:00+00:00,PT15M
14,0,2025-07-10T01:45:00+00:00,PT15M
14,0,2025-07-10T02:00:00+00:00,PT15M
14,0,2025-07-10T02:15:00+00:00,PT15M
14,0,2025-07-10T02:30:00+00:00,PT15M
14,0,2025-07-10T02:45:00+00:00,PT15M
14,0,2025-07-10T03:00:00+00:00,PT15M
14,0,2025-07-10T03:15:00+00:00,PT15M
14,0,2025-07-10T03:30:00+00:00,PT15M
14,7,2025-07-10T03:45:00+00:00,PT15M
14,27,2025-07-10T04:00:00+00:00,PT15M
14,56,2025-07-10T04:15:00+00:00,PT15M
14,89,2025-07-10T04:30:00+00:00,PT15M
14,125,2025-07-10T04:45:00+00:00,PT15M
15,164,2025-07-10T05:00:00+00:00,PT15M
15,204,2025-07-10T05:15:00+00:00,PT15M
16,246,2025-07-10T05:30:00+00:00,PT15M
16,289,2025-07-10T05:45:00+00:00,PT15M
17,333,2025-07-10T06:00:00+00:00,PT15M
18,376,2025-07-10T06:15:00+00:00,PT15M
18,420,2025-07-10T06:30:00+00:00,PT15M
19,464,2025-07-10T06:45:00+00:00,PT15M
20,506,2025-07-10T07:00:00+00:00,PT15M
20,548,2025-07-10T07:15:00+00:00,PT15M
21,588,2025-07-10T07:30:00+00:00,PT15M
21,626,2025-07-10T07:45:00+00:00,PT15M
22,664,2025-07-10T08:00:00+00:00,PT15M
22,696,2025-07-10T08:15:00+00:00,PT15M
23,670,2025-07-10T08:30:00+00:00,PT15M
23,758,2025-07-10T08:45:00+00:00,PT15M
23,784,2025-07-10T09:00:00+00:00,PT15M
24,762,2025-07-10T09:15:00+00:00,PT15M
24,782,2025-07-10T09:30:00+00:00,PT15M
24,863,2025-07-10T09:45:00+00:00,PT15M
25,885,2025-07-10T10:00:00+00:00,PT15M
25,901,2025-07-10T10:15:00+00:00,PT15M
25,913,2025-07-10T10:30:00+00:00,PT15M
25,922,2025-07-10T10:45:00+00:00,PT15M
25,928,2025-07-10T11:00:00+00:00,PT15M
25,929,2025-07-10T11:15:00+00:00,PT15M
25,927,2025-07-10T11:30:00+00:00,PT15M
25,921,2025-07-10T11:45:00+00:00,PT15M
25,913,2025-07-10T12:00:00+00:00,PT15M
25,901,2025-07-10T12:15:00+00:00,PT15M
26,887,2025-07-10T12:30:00+00:00,PT15M
26,870,2025-07-10T12:45:00+00:00,PT15M
26,833,2025-07-10T13:00:00+00:00,PT15M
26,764,2025-07-10T13:15:00+00:00,PT15M
26,775,2025-07-10T13:30:00+00:00,PT15M
26,668,2025-07-10T13:45:00+00:00,PT15M
26,638,2025-07-10T14:00:00+00:00,PT15M
26,634,2025-07-10T14:15:00+00:00,PT15M
26,539,2025-07-10T14:30:00+00:00,PT15M
26,540,2025-07-10T14:45:00+00:00,PT15M
26,565,2025-07-10T15:00:00+00:00,PT15M
26,491,2025-07-10T15:15:00+00:00,PT15M
25,467,2025-07-10T15:30:00+00:00,PT15M
25,430,2025-07-10T15:45:00+00:00,PT15M
25,390,2025-07-10T16:00:00+00:00,PT15M
25,307,2025-07-10T16:15:00+00:00,PT15M
25,244,2025-07-10T16:30:00+00:00,PT15M
24,230,2025-07-10T16:45:00+00:00,PT15M
24,215,2025-07-10T17:00:00+00:00,PT15M
24,159,2025-07-10T17:15:00+00:00,PT15M
24,107,2025-07-10T17:30:00+00:00,PT15M
24,98,2025-07-10T17:45:00+00:00,PT15M
24,77,2025-07-10T18:00:00+00:00,PT15M
23,54,2025-07-10T18:15:00+00:00,PT15M
23,29,2025-07-10T18:30:00+00:00,PT15M
23,8,2025-07-10T18:45:00+00:00,PT15M
22,1,2025-07-10T19:00:00+00:00,PT15M
22,0,2025-07-10T19:15:00+00:00,PT15M
21,0,2025-07-10T19:30:00+00:00,PT15M
20,0,2025-07-10T19:45:00+00:00,PT15M
20,0,2025-07-10T20:00:00+00:00,PT15M
19,0,2025-07-10T20:15:00+00:00,PT15M
19,0,2025-07-10T20:30:00+00:00,PT15M
19,0,2025-07-10T20:45:00+00:00,PT15M
18,0,2025-07-10T21:00:00+00:00,PT15M
18,0,2025-07-10T21:15:00+00:00,PT15M
18,0,2025-07-10T21:30:00+00:00,PT15M
17,0,2025-07-10T21:45:00+00:00,PT15M
17,0,2025-07-10T22:00:00+00:00,PT15M
17,0,2025-07-10T22:15:00+00:00,PT15M
17,0,2025-07-10T22:30:00+00:00,PT15M
17,0,2025-07-10T22:45:00+00:00,PT15M
17,0,2025-07-10T23:00:00+00:00,PT15M
16,0,2025-07-10T23:15:00+00:00,PT15M
16,0,2025-07-10T23:30:00+00:00,PT15M
16,0,2025-07-10T23:45:00+00:00,PT15M
16,0,2025-07-11T00:00:00+00:00,PT15M
16,0,2025-07-11T00:15:00+00:00,PT15M
16,0,2025-07-11T00:30:00+00:00,PT15M
16,0,2025-07-11T00:45:00+00:00,PT15M
16,0,2025-07-11T01:00:00+00:00,PT15M
15,0,2025-07-11T01:15:00+00:00,PT15M
15,0,2025-07-11T01:30:00+00:00,PT15M
15,0,2025-07-11T01:45:00+00:00,PT15M
15,0,2025-07-11T02:00:00+00:00,PT15M
15,0,2025-07-11T02:15:00+00:00,PT15M
15,0,2025-07-11T02:30:00+00:00,PT15M
15,0,2025-07-11T02:45:00+00:00,PT15M
15,0,2025-07-11T03:00:00+00:00,PT15M
15,0,2025-07-11T03:15:00+00:00,PT15M
15,0,2025-07-11T03:30:00+00:00,PT15M
15,3,2025-07-11T03:45:00+00:00,PT15M
15,17,2025-07-11T04:00:00+00:00,PT15M
15,32,2025-07-11T04:15:00+00:00,PT15M
15,37,2025-07-11T04:30:00+00:00,PT15M
16,56,2025-07-11T04:45:00+00:00,PT15M
16,90,2025-07-11T05:00:00+00:00,PT15M
16,101,2025-07-11T05:15:00+00:00,PT15M
17,164,2025-07-11T05:30:00+00:00,PT15M
17,153,2025-07-11T05:45:00+00:00,PT15M
18,175,2025-07-11T06:00:00+00:00,PT15M
19,194,2025-07-11T06:15:00+00:00,PT15M
19,258,2025-07-11T06:30:00+00:00,PT15M
20,325,2025-07-11T06:45:00+00:00,PT15M
20,432,2025-07-11T07:00:00+00:00,PT15M
21,530,2025-07-11T07:15:00+00:00,PT15M
21,571,2025-07-11T07:30:00+00:00,PT15M
22,609,2025-07-11T07:45:00+00:00,PT15M
22,646,2025-07-11T08:00:00+00:00,PT15M
22,671,2025-07-11T08:15:00+00:00,PT15M
23,710,2025-07-11T08:30:00+00:00,PT15M
23,742,2025-07-11T08:45:00+00:00,PT15M
23,762,2025-07-11T09:00:00+00:00,PT15M
23,794,2025-07-11T09:15:00+00:00,PT15M
23,816,2025-07-11T09:30:00+00:00,PT15M
23,806,2025-07-11T09:45:00+00:00,PT15M
23,620,2025-07-11T10:00:00+00:00,PT15M
23,420,2025-07-11T10:15:00+00:00,PT15M
23,353,2025-07-11T10:30:00+00:00,PT15M
23,391,2025-07-11T10:45:00+00:00,PT15M
23,331,2025-07-11T11:00:00+00:00,PT15M
24,533,2025-07-11T11:15:00+00:00,PT15M
24,667,2025-07-11T11:30:00+00:00,PT15M
24,583,2025-07-11T11:45:00+00:00,PT15M
24,628,2025-07-11T12:00:00+00:00,PT15M
24,730,2025-07-11T12:15:00+00:00,PT15M
24,543,2025-07-11T12:30:00+00:00,PT15M
23,435,2025-07-11T12:45:00+00:00,PT15M
23,306,2025-07-11T13:00:00+00:00,PT15M
23,241,2025-07-11T13:15:00+00:00,PT15M
23,121,2025-07-11T13:30:00+00:00,PT15M
23,58,2025-07-11T13:45:00+00:00,PT15M
22,65,2025-07-11T14:00:00+00:00,PT15M
22,108,2025-07-11T14:15:00+00:00,PT15M
22,296,2025-07-11T14:30:00+00:00,PT15M
22,296,2025-07-11T14:45:00+00:00,PT15M
22,30,2025-07-11T15:00:00+00:00,PT15M
22,28,2025-07-11T15:15:00+00:00,PT15M
21,58,2025-07-11T15:30:00+00:00,PT15M
21,39,2025-07-11T15:45:00+00:00,PT15M
21,43,2025-07-11T16:00:00+00:00,PT15M
21,22,2025-07-11T16:15:00+00:00,PT15M
21,37,2025-07-11T16:30:00+00:00,PT15M
20,36,2025-07-11T16:45:00+00:00,PT15M
20,29,2025-07-11T17:00:00+00:00,PT15M
20,61,2025-07-11T17:15:00+00:00,PT15M
19,46,2025-07-11T17:30:00+00:00,PT15M
19,22,2025-07-11T17:45:00+00:00,PT15M
19,17,2025-07-11T18:00:00+00:00,PT15M
19,21,2025-07-11T18:15:00+00:00,PT15M
18,21,2025-07-11T18:30:00+00:00,PT15M
18,5,2025-07-11T18:45:00+00:00,PT15M
18,0,2025-07-11T19:00:00+00:00,PT15M
17,0,2025-07-11T19:15:00+00:00,PT15M
17,0,2025-07-11T19:30:00+00:00,PT15M
17,0,2025-07-11T19:45:00+00:00,PT15M
16,0,2025-07-11T20:00:00+00:00,PT15M
16,0,2025-07-11T20:15:00+00:00,PT15M
16,0,2025-07-11T20:30:00+00:00,PT15M
16,0,2025-07-11T20:45:00+00:00,PT15M
16,0,2025-07-11T21:00:00+00:00,PT15M
15,0,2025-07-11T21:15:00+00:00,PT15M
15,0,2025-07-11T21:30:00+00:00,PT15M
15,0,2025-07-11T21:45:00+00:00,PT15M
15,0,2025-07-11T22:00:00+00:00,PT15M
15,0,2025-07-11T22:15:00+00:00,PT15M
15,0,2025-07-11T22:30:00+00:00,PT15M
15,0,2025-07-11T22:45:00+00:00,PT15M
15,0,2025-07-11T23:00:00+00:00,PT15M
15,0,2025-07-11T23:15:00+00:00,PT15M
15,0,2025-07-11T23:30:00+00:00,PT15M
15,0,2025-07-11T23:45:00+00:00,PT15M
15,0,2025-07-12T00:00:00+00:00,PT15M
15,0,2025-07-12T00:15:00+00:00,PT15M
15,0,2025-07-12T00:30:00+00:00,PT15M
14,0,2025-07-12T00:45:00+00:00,PT15M
14,0,2025-07-12T01:00:00+00:00,PT15M
14,0,2025-07-12T01:15:00+00:00,PT15M
14,0,2025-07-12T01:30:00+00:00,PT15M
14,0,2025-07-12T01:45:00+00:00,PT15M
14,0,2025-07-12T02:00:00+00:00,PT15M
14,0,2025-07-12T02:15:00+00:00,PT15M
14,0,2025-07-12T02:30:00+00:00,PT15M
14,0,2025-07-12T02:45:00+00:00,PT15M
14,0,2025-07-12T03:00:00+00:00,PT15M
14,0,2025-07-12T03:15:00+00:00,PT15M
14,0,2025-07-12T03:30:00+00:00,PT15M
14,3,2025-07-12T03:45:00+00:00,PT15M
14,16,2025-07-12T04:00:00+00:00,PT15M
14,24,2025-07-12T04:15:00+00:00,PT15M
15,48,2025-07-12T04:30:00+00:00,PT15M
15,102,2025-07-12T04:45:00+00:00,PT15M
15,135,2025-07-12T05:00:00+00:00,PT15M
16,179,2025-07-12T05:15:00+00:00,PT15M
16,219,2025-07-12T05:30:00+00:00,PT15M
17,259,2025-07-12T05:45:00+00:00,PT15M
17,306,2025-07-12T06:00:00+00:00,PT15M
17,339,2025-07-12T06:15:00+00:00,PT15M
18,300,2025-07-12T06:30:00+00:00,PT15M
18,377,2025-07-12T06:45:00+00:00,PT15M
19,432,2025-07-12T07:00:00+00:00,PT15M
19,445,2025-07-12T07:15:00+00:00,PT15M
20,407,2025-07-12T07:30:00+00:00,PT15M
20,349,2025-07-12T07:45:00+00:00,PT15M
21,339,2025-07-12T08:00:00+00:00,PT15M
21,445,2025-07-12T08:15:00+00:00,PT15M
21,477,2025-07-12T08:30:00+00:00,PT15M
21,391,2025-07-12T08:45:00+00:00,PT15M
22,393,2025-07-12T09:00:00+00:00,PT15M
22,452,2025-07-12T09:15:00+00:00,PT15M
22,526,2025-07-12T09:30:00+00:00,PT15M
22,588,2025-07-12T09:45:00+00:00,PT15M
22,671,2025-07-12T10:00:00+00:00,PT15M
22,686,2025-07-12T10:15:00+00:00,PT15M
22,609,2025-07-12T10:30:00+00:00,PT15M
23,559,2025-07-12T10:45:00+00:00,PT15M
23,280,2025-07-12T11:00:00+00:00,PT15M
23,117,2025-07-12T11:15:00+00:00,PT15M
23,142,2025-07-12T11:30:00+00:00,PT15M
23,261,2025-07-12T11:45:00+00:00,PT15M
23,255,2025-07-12T12:00:00+00:00,PT15M
23,236,2025-07-12T12:15:00+00:00,PT15M
23,298,2025-07-12T12:30:00+00:00,PT15M
23,265,2025-07-12T12:45:00+00:00,PT15M
23,272,2025-07-12T13:00:00+00:00,PT15M
23,397,2025-07-12T13:15:00+00:00,PT15M
23,375,2025-07-12T13:30:00+00:00,PT15M
23,362,2025-07-12T13:45:00+00:00,PT15M
23,379,2025-07-12T14:00:00+00:00,PT15M
23,318,2025-07-12T14:15:00+00:00,PT15M
23,342,2025-07-12T14:30:00+00:00,PT15M
24,447,2025-07-12T14:45:00+00:00,PT15M
24,497,2025-07-12T15:00:00+00:00,PT15M
24,495,2025-07-12T15:15:00+00:00,PT15M
24,436,2025-07-12T15:30:00+00:00,PT15M
24,415,2025-07-12T15:45:00+00:00,PT15M
24,393,2025-07-12T16:00:00+00:00,PT15M
24,345,2025-07-12T16:15:00+00:00,PT15M
24,308,2025-07-12T16:30:00+00:00,PT15M
24,267,2025-07-12T16:45:00+00:00,PT15M
24,225,2025-07-12T17:00:00+00:00,PT15M
23,183,2025-07-12T17:15:00+00:00,PT15M
23,148,2025-07-12T17:30:00+00:00,PT15M
23,112,2025-07-12T17:45:00+00:00,PT15M
22,58,2025-07-12T18:00:00+00:00,PT15M
22,30,2025-07-12T18:15:00+00:00,PT15M
22,20,2025-07-12T18:30:00+00:00,PT15M
21,7,2025-07-12T18:45:00+00:00,PT15M
21,0,2025-07-12T19:00:00+00:00,PT15M
20,0,2025-07-12T19:15:00+00:00,PT15M
20,0,2025-07-12T19:30:00+00:00,PT15M
20,0,2025-07-12T19:45:00+00:00,PT15M
20,0,2025-07-12T20:00:00+00:00,PT15M
20,0,2025-07-12T20:15:00+00:00,PT15M
19,0,2025-07-12T20:30:00+00:00,PT15M
19,0,2025-07-12T20:45:00+00:00,PT15M
19,0,2025-07-12T21:00:00+00:00,PT15M
19,0,2025-07-12T21:15:00+00:00,PT15M
19,0,2025-07-12T21:30:00+00:00,PT15M
19,0,2025-07-12T21:45:00+00:00,PT15M
19,0,2025-07-12T22:00:00+00:00,PT15M
19,0,2025-07-12T22:15:00+00:00,PT15M
19,0,2025-07-12T22:30:00+00:00,PT15M
19,0,2025-07-12T22:45:00+00:00,PT15M
19,0,2025-07-12T23:00:00+00:00,PT15M
19,0,2025-07-12T23:15:00+00:00,PT15M
19,0,2025-07-12T23:30:00+00:00,PT15M
19,0,2025-07-12T23:45:00+00:00,PT15M
19,0,2025-07-13T00:00:00+00:00,PT15M
